Bronx,Allerton
Bronx,Baychester
Bronx,Bedford Park
Bronx,Belmont
Bronx,Bronxdale
Bronx,Castle Hill
Bronx,City Island
Bronx,Claremont Village
Bronx,Clason Point
Bronx,Co-op City
Bronx,Concourse
Bronx,Concourse Village
Bronx,Country Club
Bronx,East Tremont
Bronx,Eastchester
Bronx,Edenwald
Bronx,Edgewater Park
Bronx,Fieldston
Bronx,Fordham
Bronx,High  Bridge
Bronx,Hunts Point
Bronx,Kingsbridge
Bronx,Kingsbridge Heights
Bronx,Longwood
Bronx,Melrose
Bronx,Morris Heights
Bronx,Morris Park
Bronx,Morrisania
Bronx,Mott Haven
Bronx,Mount Eden
Bronx,Mount Hope
Bronx,North Riverdale
Bronx,Norwood
Bronx,Olinville
Bronx,Parkchester
Bronx,Pelham Bay
Bronx,Pelham Gardens
Bronx,Pelham Parkway
Bronx,Port Morris
Bronx,Riverdale
Bronx,Schuylerville
Bronx,Soundview
Bronx,Spuyten Duyvil
Bronx,Throgs Neck
Bronx,Unionport
Bronx,University Heights
Bronx,Van Nest
Bronx,Wakefield
Bronx,West Farms
Bronx,Westchester Square
Bronx,Williamsbridge
Bronx,Woodlawn
Brooklyn,Bath Beach
Brooklyn,Bay Ridge
Brooklyn,Bedford Stuyvesant
Brooklyn,Bensonhurst
Brooklyn,Bergen Beach
Brooklyn,Boerum Hill
Brooklyn,Borough Park
Brooklyn,Brighton Beach
Brooklyn,Broadway Junction
Brooklyn,Brooklyn Heights
Brooklyn,Brownsville
Brooklyn,Bushwick
Brooklyn,Canarsie
Brooklyn,Carroll Gardens
Brooklyn,City Line
Brooklyn,Clinton Hill
Brooklyn,Cobble Hill
Brooklyn,Coney Island
Brooklyn,Crown Heights
Brooklyn,Cypress Hills
Brooklyn,Ditmas Park
Brooklyn,Downtown
Brooklyn,Dumbo
Brooklyn,Dyker Heights
Brooklyn,East Flatbush
Brooklyn,East New York
Brooklyn,East Williamsburg
Brooklyn,Erasmus
Brooklyn,Flatbush
Brooklyn,Flatlands
Brooklyn,Fort Greene
Brooklyn,Fort Hamilton
Brooklyn,Fulton Ferry
Brooklyn,Georgetown
Brooklyn,Gerritsen Beach
Brooklyn,Gowanus
Brooklyn,Gravesend
Brooklyn,Greenpoint
Brooklyn,Highland Park
Brooklyn,Homecrest
Brooklyn,Kensington
Brooklyn,Madison
Brooklyn,Manhattan Beach
Brooklyn,Manhattan Terrace
Brooklyn,Marine Park
Brooklyn,Midwood
Brooklyn,Mill Basin
Brooklyn,Mill Island
Brooklyn,New Lots
Brooklyn,North Side
Brooklyn,Ocean Hill
Brooklyn,Ocean Parkway
Brooklyn,Paerdegat Basin
Brooklyn,Park Slope
Brooklyn,Prospect Heights
Brooklyn,Prospect Lefferts Gardens
Brooklyn,Prospect Park South
Brooklyn,Red Hook
Brooklyn,Remsen Village
Brooklyn,Rugby
Brooklyn,Sea Gate
Brooklyn,Sheepshead Bay
Brooklyn,South Side
Brooklyn,Starrett City
Brooklyn,Sunset Park
Brooklyn,Vinegar Hill
Brooklyn,Weeksville
Brooklyn,Williamsburg
Brooklyn,Windsor Terrace
Brooklyn,Wingate
Manhattan,Battery Park City
Manhattan,Carnegie Hill
Manhattan,Central Harlem
Manhattan,Chelsea
Manhattan,Chinatown
Manhattan,Civic Center
Manhattan,Clinton
Manhattan,East Harlem
Manhattan,East Village
Manhattan,Financial District
Manhattan,Flatiron
Manhattan,Gramercy
Manhattan,Greenwich Village
Manhattan,Hamilton Heights
Manhattan,Hudson Yards
Manhattan,Inwood
Manhattan,Lenox Hill
Manhattan,Lincoln Square
Manhattan,Little Italy
Manhattan,Lower East Side
Manhattan,Manhattan Valley
Manhattan,Manhattanville
Manhattan,Marble Hill
Manhattan,Midtown
Manhattan,Midtown South
Manhattan,Morningside Heights
Manhattan,Murray Hill
Manhattan,Noho
Manhattan,Roosevelt Island
Manhattan,Soho
Manhattan,Stuyvesant Town
Manhattan,Sutton Place
Manhattan,Tribeca
Manhattan,Tudor City
Manhattan,Turtle Bay
Manhattan,Upper East Side
Manhattan,Upper West Side
Manhattan,Washington Heights
Manhattan,West Village
Manhattan,Yorkville
Queens,Arverne
Queens,Astoria
Queens,Astoria Heights
Queens,Auburndale
Queens,Bay Terrace
Queens,Bayside
Queens,Bayswater
Queens,Beechhurst
Queens,Bellaire
Queens,Belle Harbor
Queens,Bellerose
Queens,Blissville
Queens,Breezy Point
Queens,Briarwood
Queens,Broad Channel
Queens,Brookville
Queens,Cambria Heights
Queens,College Point
Queens,Corona
Queens,Douglaston
Queens,East Elmhurst
Queens,Edgemere
Queens,Elmhurst
Queens,Far Rockaway
Queens,Floral Park
Queens,Flushing
Queens,Forest Hills
Queens,Forest Hills Gardens
Queens,Fresh Meadows
Queens,Glen Oaks
Queens,Glendale
Queens,Hammels
Queens,Hillcrest
Queens,Hollis
Queens,Holliswood
Queens,Howard Beach
Queens,Hunters Point
Queens,Jackson Heights
Queens,Jamaica Center
Queens,Jamaica Estates
Queens,Jamaica Hills
Queens,Kew Gardens
Queens,Kew Gardens Hills
Queens,Laurelton
Queens,Lefrak City
Queens,Lindenwood
Queens,Little Neck
Queens,Long Island City
Queens,Malba
Queens,Maspeth
Queens,Middle Village
Queens,Murray Hill
Queens,Neponsit
Queens,North Corona
Queens,Oakland Gardens
Queens,Ozone Park
Queens,Pomonok
Queens,Queens Village
Queens,Queensboro Hill
Queens,Queensbridge
Queens,Ravenswood
Queens,Rego Park
Queens,Richmond Hill
Queens,Ridgewood
Queens,Rochdale
Queens,Rockaway Beach
Queens,Rockaway Park
Queens,Rosedale
Queens,Roxbury
Queens,Somerville
Queens,South Jamaica
Queens,South Ozone Park
Queens,Springfield Gardens
Queens,St. Albans
Queens,Steinway
Queens,Sunnyside
Queens,Sunnyside Gardens
Queens,Utopia
Queens,Whitestone
Queens,Woodhaven
Queens,Woodside
Staten Island,Annadale
Staten Island,Arden Heights
Staten Island,Arlington
Staten Island,Arrochar
Staten Island,Bay Terrace
Staten Island,Bloomfield
Staten Island,Bulls Head
Staten Island,Butler Manor
Staten Island,Castleton Corners
Staten Island,Charleston
Staten Island,Chelsea
Staten Island,Clifton
Staten Island,Concord
Staten Island,Dongan Hills
Staten Island,Egbertville
Staten Island,Elm Park
Staten Island,Eltingville
Staten Island,Emerson Hill
Staten Island,Fox Hills
Staten Island,Graniteville
Staten Island,Grant City
Staten Island,Grasmere
Staten Island,Great Kills
Staten Island,Greenridge
Staten Island,Grymes Hill
Staten Island,Heartland Village
Staten Island,Howland Hook
Staten Island,Huguenot
Staten Island,Lighthouse Hill
Staten Island,Manor Heights
Staten Island,Mariner's Harbor
Staten Island,Midland Beach
Staten Island,New Brighton
Staten Island,New Dorp
Staten Island,New Dorp Beach
Staten Island,New Springville
Staten Island,Oakwood
Staten Island,Old Town
Staten Island,Park Hill
Staten Island,Pleasant Plains
Staten Island,Port Ivory
Staten Island,Port Richmond
Staten Island,Prince's Bay
Staten Island,Randall Manor
Staten Island,Richmond Town
Staten Island,Richmond Valley
Staten Island,Rosebank
Staten Island,Rossville
Staten Island,Sandy Ground
Staten Island,Shore Acres
Staten Island,Silver Lake
Staten Island,South Beach
Staten Island,St. George
Staten Island,Stapleton
Staten Island,Sunnyside
Staten Island,Todt Hill
Staten Island,Tompkinsville
Staten Island,Tottenville
Staten Island,Travis
Staten Island,West Brighton
Staten Island,Westerleigh
Staten Island,Willowbrook
Staten Island,Woodrow

