Allerton,Bronx
Annadale,Staten Island
Arden Heights,Staten Island
Arlington,Staten Island
Arrochar,Staten Island
Arverne,Queens
Astoria Heights,Queens
Astoria,Queens
Auburndale,Queens
Bath Beach,Brooklyn
Battery Park City,Manhattan
Bay Ridge,Brooklyn
Bay Terrace,Queens
Bay Terrace,Staten Island
Baychester,Bronx
Bayside,Queens
Bayswater,Queens
Bedford Park,Bronx
Bedford Stuyvesant,Brooklyn
Beechhurst,Queens
Bellaire,Queens
Belle Harbor,Queens
Bellerose,Queens
Belmont,Bronx
Bensonhurst,Brooklyn
Bergen Beach,Brooklyn
Blissville,Queens
Bloomfield,Staten Island
Boerum Hill,Brooklyn
Borough Park,Brooklyn
Breezy Point,Queens
Briarwood,Queens
Brighton Beach,Brooklyn
Broad Channel,Queens
Broadway Junction,Brooklyn
Bronxdale,Bronx
Brooklyn Heights,Brooklyn
Brookville,Queens
Brownsville,Brooklyn
Bulls Head,Staten Island
Bushwick,Brooklyn
Butler Manor,Staten Island
Cambria Heights,Queens
Canarsie,Brooklyn
Carnegie Hill,Manhattan
Carroll Gardens,Brooklyn
Castle Hill,Bronx
Castleton Corners,Staten Island
Central Harlem,Manhattan
Charleston,Staten Island
Chelsea,Manhattan
Chelsea,Staten Island
Chinatown,Manhattan
City Island,Bronx
City Line,Brooklyn
Civic Center,Manhattan
Claremont Village,Bronx
Clason Point,Bronx
Clifton,Staten Island
Clinton Hill,Brooklyn
Clinton,Manhattan
Co-op City,Bronx
Cobble Hill,Brooklyn
College Point,Queens
Concord,Staten Island
Concourse Village,Bronx
Concourse,Bronx
Coney Island,Brooklyn
Corona,Queens
Country Club,Bronx
Crown Heights,Brooklyn
Cypress Hills,Brooklyn
Ditmas Park,Brooklyn
Dongan Hills,Staten Island
Douglaston,Queens
Downtown,Brooklyn
Dumbo,Brooklyn
Dyker Heights,Brooklyn
East Elmhurst,Queens
East Flatbush,Brooklyn
East Harlem,Manhattan
East New York,Brooklyn
East Tremont,Bronx
East Village,Manhattan
East Williamsburg,Brooklyn
Eastchester,Bronx
Edenwald,Bronx
Edgemere,Queens
Edgewater Park,Bronx
Egbertville,Staten Island
Elm Park,Staten Island
Elmhurst,Queens
Eltingville,Staten Island
Emerson Hill,Staten Island
Erasmus,Brooklyn
Far Rockaway,Queens
Fieldston,Bronx
Financial District,Manhattan
Flatbush,Brooklyn
Flatiron,Manhattan
Flatlands,Brooklyn
Floral Park,Queens
Flushing,Queens
Fordham,Bronx
Forest Hills Gardens,Queens
Forest Hills,Queens
Fort Greene,Brooklyn
Fort Hamilton,Brooklyn
Fox Hills,Staten Island
Fresh Meadows,Queens
Fulton Ferry,Brooklyn
Georgetown,Brooklyn
Gerritsen Beach,Brooklyn
Glen Oaks,Queens
Glendale,Queens
Gowanus,Brooklyn
Gramercy,Manhattan
Graniteville,Staten Island
Grant City,Staten Island
Grasmere,Staten Island
Gravesend,Brooklyn
Great Kills,Staten Island
Greenpoint,Brooklyn
Greenridge,Staten Island
Greenwich Village,Manhattan
Grymes Hill,Staten Island
Hamilton Heights,Manhattan
Hammels,Queens
Heartland Village,Staten Island
High  Bridge,Bronx
Highland Park,Brooklyn
Hillcrest,Queens
Hollis,Queens
Holliswood,Queens
Homecrest,Brooklyn
Howard Beach,Queens
Howland Hook,Staten Island
Hudson Yards,Manhattan
Huguenot,Staten Island
Hunters Point,Queens
Hunts Point,Bronx
Inwood,Manhattan
Jackson Heights,Queens
Jamaica Center,Queens
Jamaica Estates,Queens
Jamaica Hills,Queens
Kensington,Brooklyn
Kew Gardens Hills,Queens
Kew Gardens,Queens
Kingsbridge Heights,Bronx
Kingsbridge,Bronx
Laurelton,Queens
Lefrak City,Queens
Lenox Hill,Manhattan
Lighthouse Hill,Staten Island
Lincoln Square,Manhattan
Lindenwood,Queens
Little Italy,Manhattan
Little Neck,Queens
Long Island City,Queens
Longwood,Bronx
Lower East Side,Manhattan
Madison,Brooklyn
Malba,Queens
Manhattan Beach,Brooklyn
Manhattan Terrace,Brooklyn
Manhattan Valley,Manhattan
Manhattanville,Manhattan
Manor Heights,Staten Island
Marble Hill,Manhattan
Marine Park,Brooklyn
Mariner's Harbor,Staten Island
Maspeth,Queens
Melrose,Bronx
Middle Village,Queens
Midland Beach,Staten Island
Midtown South,Manhattan
Midtown,Manhattan
Midwood,Brooklyn
Mill Basin,Brooklyn
Mill Island,Brooklyn
Morningside Heights,Manhattan
Morris Heights,Bronx
Morris Park,Bronx
Morrisania,Bronx
Mott Haven,Bronx
Mount Eden,Bronx
Mount Hope,Bronx
Murray Hill,Manhattan
Murray Hill,Queens
Neponsit,Queens
New Brighton,Staten Island
New Dorp Beach,Staten Island
New Dorp,Staten Island
New Lots,Brooklyn
New Springville,Staten Island
Noho,Manhattan
North Corona,Queens
North Riverdale,Bronx
North Side,Brooklyn
Norwood,Bronx
Oakland Gardens,Queens
Oakwood,Staten Island
Ocean Hill,Brooklyn
Ocean Parkway,Brooklyn
Old Town,Staten Island
Olinville,Bronx
Ozone Park,Queens
Paerdegat Basin,Brooklyn
Park Hill,Staten Island
Park Slope,Brooklyn
Parkchester,Bronx
Pelham Bay,Bronx
Pelham Gardens,Bronx
Pelham Parkway,Bronx
Pleasant Plains,Staten Island
Pomonok,Queens
Port Ivory,Staten Island
Port Morris,Bronx
Port Richmond,Staten Island
Prince's Bay,Staten Island
Prospect Heights,Brooklyn
Prospect Lefferts Gardens,Brooklyn
Prospect Park South,Brooklyn
Queens Village,Queens
Queensboro Hill,Queens
Queensbridge,Queens
Randall Manor,Staten Island
Ravenswood,Queens
Red Hook,Brooklyn
Rego Park,Queens
Remsen Village,Brooklyn
Richmond Hill,Queens
Richmond Town,Staten Island
Richmond Valley,Staten Island
Ridgewood,Queens
Riverdale,Bronx
Rochdale,Queens
Rockaway Beach,Queens
Rockaway Park,Queens
Roosevelt Island,Manhattan
Rosebank,Staten Island
Rosedale,Queens
Rossville,Staten Island
Roxbury,Queens
Rugby,Brooklyn
Sandy Ground,Staten Island
Schuylerville,Bronx
Sea Gate,Brooklyn
Sheepshead Bay,Brooklyn
Shore Acres,Staten Island
Silver Lake,Staten Island
Soho,Manhattan
Somerville,Queens
Soundview,Bronx
South Beach,Staten Island
South Jamaica,Queens
South Ozone Park,Queens
South Side,Brooklyn
Springfield Gardens,Queens
Spuyten Duyvil,Bronx
St. Albans,Queens
St. George,Staten Island
Stapleton,Staten Island
Starrett City,Brooklyn
Steinway,Queens
Stuyvesant Town,Manhattan
Sunnyside Gardens,Queens
Sunnyside,Queens
Sunnyside,Staten Island
Sunset Park,Brooklyn
Sutton Place,Manhattan
Throgs Neck,Bronx
Todt Hill,Staten Island
Tompkinsville,Staten Island
Tottenville,Staten Island
Travis,Staten Island
Tribeca,Manhattan
Tudor City,Manhattan
Turtle Bay,Manhattan
Unionport,Bronx
University Heights,Bronx
Upper East Side,Manhattan
Upper West Side,Manhattan
Utopia,Queens
Van Nest,Bronx
Vinegar Hill,Brooklyn
Wakefield,Bronx
Washington Heights,Manhattan
Weeksville,Brooklyn
West Brighton,Staten Island
West Farms,Bronx
West Village,Manhattan
Westchester Square,Bronx
Westerleigh,Staten Island
Whitestone,Queens
Williamsbridge,Bronx
Williamsburg,Brooklyn
Willowbrook,Staten Island
Windsor Terrace,Brooklyn
Wingate,Brooklyn
Woodhaven,Queens
Woodlawn,Bronx
Woodrow,Staten Island
Woodside,Queens
Yorkville,Manhattan

